{"cameraMode":{"drawMode":0,"name":"Shaded","section":"Shading Mode"},"sceneLighting":false,"audioPlay":false,"sceneViewState":{"showFog":true,"showMaterialUpdate":true,"showSkybox":false,"showFlares":true,"showImageEffects":true,"showParticleSystems":true},"in2DMode":false,"pivot":{"x":288.9712219238281,"y":2.2496073246002199,"z":227.2593994140625},"rotation":{"x":0.4081743657588959,"y":0.1129242479801178,"z":-0.05094023048877716,"w":0.9045290946960449},"size":0.9055354595184326,"orthographic":false}